"","lon","lat","range"
"1323597",-14.430098,65.21888,100
"1323598",-18.099546,65.686618,12
"1454789",-20.338222,65.546379,5100
"1454790",-20.845258,65.348361,2522
"1454791",-21.00464,65.292204,8222
"1454792",-21.918873,64.518503,6233
"1454793",-21.901659,64.134857,177
"1608373",-21.875842,64.136505,29
"1608412",-21.714103,64.289219,58019
"1608413",-21.986257,64.151885,10000
"1608414",-21.96813,64.15041,250
"1608415",-21.925353,64.148121,10000
"1608416",-21.905733,64.146924,10000
"1608417",-21.892785,64.146277,10000
"1608418",-21.882927,64.139946,10000
"1719027",-21.818808,64.101218,62
"1868103",-18.1369,65.688063,10000
"1868104",-18.12875,65.687198,10000
"1868105",-18.117265,65.686997,10000
"1868106",-18.106732,65.687917,456
"1868107",-18.102544,65.688146,533
"1868108",-18.099916,65.688914,241
"1868109",-18.097407,65.68935,10000
"1868110",-18.093593,65.680299,236
"1868111",-18.09927,65.679492,1
"1868112",-18.098842,65.677655,10000
"1868114",-18.094012,65.669178,10000
"1868115",-18.100059,65.664944,490
"1868116",-18.096503,65.668068,10000
"1868117",-18.103355,65.663158,10000
"1868119",-18.098632,65.667422,508
"1868120",-18.094795,65.673211,106
"1868121",-18.115262,65.671137,135
"1868122",-18.120734,65.67221,176
"1868123",-18.12518,65.673385,10000
"1868124",-18.126647,65.673943,10000
"1868125",-18.094864,65.687079,55
"1868126",-18.097622,65.689503,10000
"1868233",-18.13348,65.68765,211
"1868234",-18.136803,65.688408,10000
"1868535",-18.106627,65.690533,10000
"1868536",-18.12042,65.720164,5661
"1868537",-18.122786,65.698953,324
"1868538",-18.098882,65.687815,10000
"1868539",-18.08978,65.684105,10000
"1868540",-18.08761,65.681242,10000
"1868541",-18.123572,65.677582,10000
"1868542",-18.113375,65.678332,10000
"1868543",-18.102685,65.67918,10000
"1868544",-18.064282,65.784521,429
"1868545",-18.058721,65.836223,6758
"1868546",-18.070372,65.859518,7541
"1868547",-18.134699,65.937811,2475
"1868548",-18.140616,65.935546,5350
"1868609",-18.074962,65.747907,10000
"1869185",-18.134312,65.696039,77
"1869334",-18.014105,65.814502,10000
"1869335",-17.83503,65.745039,8546
"1869336",-17.917045,65.76434,1598
"1869337",-17.670772,65.709191,2468
"1869338",-17.479608,65.707353,10000
"1869339",-17.4677,65.722297,10000
"1869340",-17.440638,65.733318,10000
"1869341",-17.404995,65.733618,368
"1869342",-17.342729,65.694514,3589
"1869343",-17.271945,65.649348,963
"1869344",-17.120935,65.597233,10000
"1869345",-17.003927,65.63572,10000
"1869346",-16.947274,65.646417,2145
"2024869",-21.944116,64.151461,7
"2024870",-21.943972,64.151415,1
"2024871",-21.939548,64.148712,371
"2024872",-21.941019,64.150161,416
"2024873",-21.942877,64.150336,4
"2024874",-21.940777,64.148184,10000
"2024875",-21.938899,64.148291,92
"2024876",-21.955285,64.146483,10000
"2024877",-21.952456,64.144903,118
"2024878",-21.950588,64.144026,10000
"2024879",-21.949189,64.143179,88
"2024880",-21.945585,64.141386,77
"2024881",-21.945791,64.149154,159
"2024882",-21.927916,64.148961,86
"2024883",-21.91845,64.146469,340
"2024884",-21.905314,64.146895,177
"2024885",-21.8966,64.147229,70
"2024886",-21.890954,64.148513,142
"2024887",-21.885847,64.151162,74
"2024888",-21.869897,64.149519,471
"2024889",-21.855455,64.144329,367
"2024890",-21.85043,64.138122,301
"2024891",-21.850128,64.134884,10000
"2024892",-21.849869,64.131898,185
"2024893",-21.847827,64.1262,319
"2024894",-21.841372,64.124962,872
"2024895",-21.828798,64.123823,403
"2024896",-21.816044,64.124096,128
"2024897",-21.795039,64.124968,1423
"2024898",-21.805591,64.124068,10000
"2024899",-21.779832,64.126405,435
"2024900",-21.780679,64.122248,602
"2024901",-21.780514,64.116772,10000
"2024902",-21.7754,64.107631,1000
"2024903",-21.671245,64.08385,8981
"2024904",-21.707994,64.091768,10000
"2024905",-21.600022,64.071989,5405
"2024906",-21.586023,64.066378,10000
"2024907",-21.549168,64.060537,3466
"2024908",-21.459676,64.151388,12809
"2024909",-21.44617,64.035209,890
"2024910",-21.406372,64.022071,1232
"2024911",-21.354481,64.019056,1902
"2024912",-21.275543,63.96661,13165
"2024913",-21.325988,64.020345,10000
"2024914",-21.282141,64.018115,1479
"2024915",-21.245011,64.010914,248
"2024916",-21.224584,64.008497,2180
"2024917",-21.233929,64.012928,10000
"2024918",-21.142744,63.966499,12086
"2024919",-21.031401,63.950989,11412
"2024920",-21.027118,63.933422,9897
"2024921",-20.920727,64.000368,7722
"2024922",-20.646819,63.939676,17366
"2024923",-20.940447,63.948769,13827
"2024924",-20.963834,64.007654,3112
"2024925",-20.760226,63.994255,9506
"2024926",-20.704013,64.100122,33978
"2024927",-20.5871,64.139576,8906
"2024928",-20.616404,64.12956,8264
"2024929",-20.515743,64.153906,6612
"2024930",-20.551198,64.149633,107
"2024931",-20.387954,64.165353,6508
"2024932",-20.345264,64.231621,14478
"2024933",-20.235908,64.261932,9635
"2024934",-20.303137,64.232778,5193
"2024935",-20.346612,64.22323,498
"2024936",-20.315945,64.285732,4891
"2024937",-20.294348,64.301342,2977
"2024938",-20.138345,64.320988,2721
"2024939",-20.697714,64.363494,27263
"2024940",-20.225166,64.285071,84
"2024941",-20.524238,64.24935,26588
"2024942",-20.283453,64.187484,7021
"2024943",-20.319589,64.116415,920
"2024944",-20.384386,64.061318,7283
"2024945",-20.4089,64.042307,14516
"2024946",-20.769436,63.945519,2410
"2024947",-20.75532,63.9467,1408
"2024948",-20.989155,63.934253,316
"2024949",-21.046315,63.914806,7694
"2024950",-21.122929,63.86431,1654
"2024951",-21.125698,63.864426,1143
"2024952",-21.148491,63.862219,10000
"2024953",-21.148491,63.862219,10000
"2024954",-20.641982,63.91816,734
"2024955",-20.579143,63.89843,171
"2024956",-20.412191,63.84532,10004
"2024957",-20.325174,63.799097,10458
"2024958",-20.415254,63.841607,3724
"2024959",-20.458804,63.867171,10000
"2024960",-20.355976,63.818309,2338
"2024961",-20.304671,63.792173,149
"2024962",-20.129974,63.678537,10131
"2024963",-20.108784,63.673827,11152
"2024964",-20.007263,63.619885,13383
"2024965",-19.992671,63.616078,10000
"2024966",-19.508194,63.520392,10000
"2024967",-19.477169,63.522101,4793
"2024968",-19.337303,63.490912,5964
"2024969",-19.148606,63.448492,13380
"2024970",-19.25088,63.46305,6979
"2024971",-19.163415,63.425504,2545
"2024972",-19.048931,63.450679,2815
"2024973",-19.009405,63.421616,1358
"2024974",-18.880807,63.430389,728
"2024975",-18.674106,63.48761,20923
"2024976",-18.288813,63.706458,10000
"2024977",-18.241017,63.720911,1946
"2024978",-18.142772,63.753879,6158
"2024979",-18.118616,63.759284,2481
"2024980",-18.057593,63.783794,4141
"2024981",-18.047992,63.790112,10000
"2024982",-18.047992,63.790112,10000
"2024983",-17.50565,63.901265,29315
"2024984",-18.047992,63.790112,10000
"2024985",-17.033353,63.945255,52601
"2024986",-17.096041,63.892378,48031
"2024987",-16.715097,63.900817,2215
"2024988",-16.648048,63.883882,2153
"2024989",-16.670128,63.879657,10000
"2024990",-16.521894,63.917591,5110
"2024991",-16.256939,64.034476,21644
"2024992",-16.213164,64.04205,2681
"2024993",-16.086742,64.102363,7353
"2024994",-15.842507,64.174308,7234
"2024995",-15.560941,64.247387,18038
"2024996",-15.528321,64.26991,17668
"2024997",-15.347397,64.347181,5887
"2024998",-15.231573,64.300808,8703
"2024999",-15.228679,64.31205,10000
"2025000",-15.228679,64.31205,10000
"2025001",-15.228679,64.31205,10000
"2025002",-15.228679,64.31205,10000
"2025003",-15.228679,64.31205,10000
"2025004",-15.228679,64.31205,10000
"2025005",-15.228679,64.31205,10000
"2025006",-15.228679,64.31205,10000
"2025007",-15.228679,64.31205,10000
"2025015",-16.785469,65.684214,6092
"2025016",-16.81646,65.643706,5155
"2025037",-18.084206,65.719676,3585
"2025039",-17.359966,66.027217,36658
"2025040",-17.538345,66.04723,74
"2025041",-17.428144,65.899423,22227
"2025042",-17.50898,65.84543,15350
"2025043",-17.505547,65.840151,56
"2025044",-17.583315,65.767292,6107
"2025045",-17.601163,65.706183,6685
"2025046",-17.858151,65.728165,8616
"2025047",-17.796058,65.726304,5875
"2025048",-17.917511,65.777383,8763
"2025049",-17.915614,65.763334,3856
"2025050",-18.111408,65.782849,7029
"2025052",-18.264757,65.712895,12076
"2025072",-18.071742,65.766817,271
"2025073",-18.140357,65.719836,4899
"2025074",-18.082988,65.690064,6908
"2025075",-18.103412,65.701376,2783
"2025076",-18.070237,65.71817,10000
"2025077",-18.055334,65.693071,773
"2025078",-18.070748,65.693563,1409
"2025079",-18.080271,65.675747,1678
"2025080",-18.073902,65.672293,1338
"2025081",-18.097259,65.681647,1147
"2025082",-18.097028,65.676846,145
"2025083",-18.091743,65.682321,1591
"2025084",-18.089038,65.687933,1533
"2025085",-18.099475,65.681105,10000
"2025086",-18.100569,65.688929,101
"2025087",-18.313936,65.725392,6931
"2025088",-18.473549,65.629765,8504
"2025089",-18.61299,65.509578,5223
"2025090",-18.803809,65.465416,5675
"2025092",-18.993159,65.448616,2240
"2025093",-19.208086,65.451082,16038
"2025094",-19.336228,65.527406,6224
"2025095",-19.431184,65.534079,6463
"2025096",-19.388769,65.549597,2882
"2025097",-19.496419,65.539991,1803
"2025098",-19.526424,65.531705,2586
"2025099",-19.520603,65.531622,802
"2025100",-19.510875,65.53481,10000
"2025101",-19.611754,65.518212,3969
"2025102",-19.767913,65.514775,4516
"2025103",-19.886002,65.541343,7268
"2025104",-20.005862,65.572325,11710
"2025105",-20.245933,65.656529,4735
"2025106",-20.373195,65.564315,19254
"2025107",-20.349909,65.525929,3095
"2025108",-21.072944,65.572902,32858
"2025109",-20.689228,65.468097,30503
"2025110",-20.522412,65.465795,10000
"2025111",-20.59906,65.450705,12033
"2025112",-20.662719,65.437881,10000
"2025113",-20.690498,65.442553,313
"2025114",-21.104954,65.521369,21062
"2025115",-20.681046,65.50998,17856
"2025116",-20.697565,65.490111,248
"2025117",-20.69065,65.498758,208
"2025118",-20.682307,65.499969,10000
"2025119",-20.748238,65.65173,7778
"2025120",-21.653962,65.669082,4232
"2025121",-21.227084,65.503573,13229
"2025122",-21.102558,65.481657,14556
"2025123",-21.031242,65.387449,21822
"2025124",-20.917534,65.322705,1392
"2025125",-21.095795,65.205094,9509
"2025126",-21.06969,65.210828,6452
"2025127",-21.082299,65.153878,1534
"2025128",-21.226765,65.429278,15402
"2025129",-21.421556,65.452711,3274
"2025130",-21.354508,65.586948,1634
"2025131",-21.364622,65.595278,732
"2025132",-21.680393,65.701838,1438
"2025133",-21.66583,65.706457,10000
"2025134",-21.66583,65.706457,10000
"2025135",-21.66583,65.706457,10000
"2025136",-21.66583,65.706457,10000
"2025137",-21.66583,65.706457,10000
"2025138",-21.697199,65.419537,31937
"2025139",-21.729993,65.172158,59485
"2025140",-21.80001,65.246253,1508
"2025141",-21.724802,65.200699,3414
"2025142",-21.759485,65.102381,2194
"2025143",-21.775403,65.072895,10000
"2025144",-21.715385,65.048238,7824
"2025145",-21.689459,65.041016,949
"2025146",-21.690149,65.039407,798
"2025147",-21.561984,64.952194,5316
"2025148",-21.659162,64.657972,23962
"2025149",-21.477188,64.814153,2241
"2025150",-21.51284,64.78107,1938
"2025151",-21.551926,64.765728,467
"2025152",-21.57212,64.749611,2909
"2025153",-21.601245,64.670056,10771
"2025154",-21.617307,64.712019,10000
"2025155",-21.66254,64.681865,9124
"2025156",-21.680053,64.667603,7991
"2025157",-21.734316,64.650725,3743
"2025158",-21.752916,64.612786,2063
"2025159",-21.622843,64.587056,8201
"2025160",-21.469666,64.558028,12224
"2025161",-21.611799,64.580502,1568
"2025162",-21.278105,64.514487,14087
"2025163",-21.076772,64.305013,18636
"2025164",-21.056264,64.294192,3345
"2025165",-21.057681,64.291591,6811
"2025166",-21.257861,64.242004,11327
"2025167",-21.60439,64.181978,3196
"2025168",-21.660993,64.179199,10000
"2025169",-21.675907,64.175202,912
"2025170",-21.695939,64.166081,607
"2025171",-21.693222,64.165764,40
"2025172",-21.703871,64.164679,82
"2025173",-21.713759,64.16419,120
"2025174",-21.720352,64.160788,119
"2025175",-21.736603,64.153589,761
"2025176",-21.753652,64.144444,108
"2025177",-21.759123,64.138367,276
"2025178",-21.762333,64.134141,10000
"2025179",-21.764949,64.132149,10000
"2025180",-21.862386,64.12753,208
"2025181",-21.862608,64.127553,10000
"2025182",-21.875273,64.129645,274
"2025183",-21.899647,64.13348,842
"2025184",-21.8891,64.131871,10000
"2025185",-21.893619,64.132565,60
"2025186",-21.897395,64.133135,10000
"2025187",-21.901669,64.133755,75
"2025188",-21.921979,64.135976,281
"2025189",-21.929662,64.136297,320
"2025190",-21.9381,64.138006,80
"2025191",-21.941228,64.139387,10000
"2025192",-21.943446,64.140469,10000
"2025193",-21.947093,64.14267,126
"2025194",-21.942358,64.144923,473
"2025195",-21.943759,64.147228,89
"2025196",-21.926609,64.144546,260
"2025197",-21.924906,64.144806,10000
"2025198",-21.931206,64.144611,161
"2025199",-21.929744,64.143049,95
"2025200",-21.928289,64.142762,65
"2025201",-21.930746,64.143276,10000
"2025202",-21.933351,64.146475,50
"2026877",-16.87591,65.639457,1986
"2026878",-16.980439,65.6024,11449
"2026879",-17.194232,65.644216,18703
"2026880",-16.937017,65.593179,8216
"2026881",-17.359057,65.697737,4903
"2026882",-17.373998,65.723607,816
"2026883",-17.730053,65.712975,6
"2026884",-17.68259,65.70801,684
"2026885",-17.604609,65.713075,10000
"2026886",-17.604609,65.713075,10000
"2029347",-14.614943,64.988567,10000
"2029348",-14.614943,64.988567,10000
"2029349",-14.614943,64.988567,10000
"2029350",-14.614943,64.988567,10000
"2029351",-14.614943,64.988567,10000
"2029352",-14.614943,64.988567,10000
"2029353",-14.614943,64.988567,10000
"2029354",-14.614943,64.988567,10000
"2029355",-14.614943,64.988567,10000
"2029356",-14.614943,64.988567,10000
"2029357",-14.614943,64.988567,10000
"2029358",-14.614943,64.988567,10000
"2029359",-14.614943,64.988567,10000
"2029360",-14.614943,64.988567,10000
"2029361",-14.614943,64.988567,10000
"2029362",-14.614943,64.988567,10000
"2029363",-14.614943,64.988567,10000
"2029364",-14.614943,64.988567,10000
"2029365",-14.614943,64.988567,10000
"2029366",-14.354632,64.682684,3348
"2029367",-14.40053,64.719899,10000
"2029368",-14.507372,64.77792,8792
"2029369",-14.639636,64.819609,1178
"2029370",-14.634811,64.942748,11457
"2029371",-14.652777,64.888384,2658
"2029372",-14.614943,64.988567,10000
"2029373",-14.614943,64.988567,10000
"2029374",-14.614943,64.988567,10000
"2029375",-14.614943,64.988567,10000
"2029376",-14.614943,64.988567,10000
"2042418",-21.680423,64.180759,1
"2042618",-21.199869,64.00214,156
"2042622",-21.012603,63.933457,10000
"2043250",-21.869376,64.129832,4
"2046580",-21.78849,64.153982,10000
"2065014",-23.514119,66.048941,219
"2115259",-22.592519,63.972291,10000
"2242185",-21.717218,64.166287,5
"2298054",-21.975149,64.149545,10000
"2298055",-21.976758,64.149412,35
"3018373",-21.853779,64.099627,37
"3018381",-21.854694,64.099693,10000
"3022394",-19.012963,63.417823,56
"3042543",-21.879447,64.120688,46
"3066729",-21.882768,64.134461,122
"3068145",-21.810216,64.13797,24
"3068154",-21.810621,64.137993,10000
"3072513",-21.793305,64.107163,48
"3072533",-21.793185,64.107369,10000
"3090927",-21.847842,64.13021,77
"3141216",-21.918483,64.140165,286
"3142749",-18.529673,65.969562,10000
"3150027",-22.443864,63.840343,10000
"3151357",-22.435894,63.83854,6
"3155379",-21.852329,64.10145,677
"3160119",-21.908445,64.093767,41
"3179020",-21.933796,64.147167,394
"3203144",-21.738637,64.126602,10000
"3203151",-21.739931,64.125894,49
"3203160",-21.742922,64.126066,10000
"3224737",-21.824066,64.104918,4
"3229198",-21.835194,64.105735,885
"3229263",-21.829184,64.107754,804
"3229556",-21.549582,64.766885,1
"3248797",-18.100741,65.675901,20
"3303077",-21.778645,64.151688,10000
"3323122",-21.815187,64.11825,1118
"3323133",-21.817352,64.111991,22
"3323457",-21.790127,64.110882,16
"3343097",-22.385004,63.979409,10000
"3345847",-21.81781,64.111834,15
"3345856",-21.817577,64.111922,4
"3345864",-21.824284,64.121652,1137
"3399164",-21.701225,64.163274,173
"3428873",-21.896087,64.089896,7
"3428899",-21.894675,64.088666,303
"3452436",-22.573387,63.969614,10000
"3466488",-20.672295,64.202577,1
"3466494",-20.67228,64.20258,10000
"3466593",-20.672439,64.202562,11
"3470562",-21.800108,64.153467,1748
"3515818",-21.953962,64.073056,2
"3531570",-21.947101,64.064484,30
"3542932",-21.927941,64.144014,6
"3556220",-20.267465,63.440515,3
"3574697",-21.807114,64.118559,10000
"3579530",-20.712845,64.147817,27
"3581894",-21.005407,63.929565,10000
"3684360",-21.000259,63.923372,19
"3697588",-21.00057,63.923235,58
"3697593",-21.00117,63.922965,10000
"3709331",-21.88544,64.142176,330
"3713209",-22.568391,64.005391,2
"3740308",-21.888616,64.14504,327
"3752516",-21.888772,64.103601,9
"3752521",-21.888761,64.103628,10000
"3768821",-21.180895,63.994751,28
"3781293",-21.550962,64.767043,33
"3788451",-21.945931,64.147709,27
"3788463",-21.946091,64.147674,10000
"3812656",-21.999072,64.153744,180
"3812657",-21.563176,64.185186,21435
"3850207",-21.552297,64.765632,10000
"3875293",-21.98449,64.056909,5
"3879440",-18.176885,65.736039,10000
"3879852",-21.996188,64.157792,4
"3897641",-21.778509,64.149564,6
"3979359",-21.833837,64.099061,10000
"3979462",-21.834256,64.099448,13
"4041544",-21.834151,64.098961,10000
"4053967",-18.104322,65.677721,20
"4053980",-18.103992,65.678004,18
"4070912",-21.8286,64.107227,122
"4070916",-21.827295,64.107731,10000
"4070926",-21.83023,64.106403,10000
"4073625",-21.880557,64.121616,453
"4158968",-21.891756,64.104378,600
"4414317",-21.834451,64.093622,10000
"4414764",-21.847965,64.102279,4025
"4463988",-21.945323,64.137222,10000
"4508124",-21.859678,64.101988,1329
"4515739",-21.646412,64.106619,93
"4523436",-21.6559,64.12671,3726
"4523437",-21.6479,64.106906,101
"4523438",-21.646371,64.106544,10000
"4523439",-21.659249,64.132659,1404
"4523441",-21.652458,64.130067,485
"4523442",-21.677887,64.147527,1911
"4523443",-21.672225,64.152176,1800
"4523446",-21.644804,64.107875,10000
"4523447",-21.646371,64.10655,1
"4535014",-21.723812,64.164705,10000
"4535015",-21.725426,64.164753,72
"4535016",-21.727563,64.164107,141
"4535017",-21.730614,64.157734,670
"4535018",-21.744998,64.149005,464
"4535019",-21.757311,64.140446,559
"4535020",-21.762167,64.134343,210
"4535021",-21.768765,64.130459,323
"4535022",-21.778266,64.126902,281
"4535023",-21.790242,64.125037,800
"4535024",-21.802443,64.124327,60
"4535025",-21.805415,64.124365,10000
"4535026",-21.808215,64.124306,52
"4535027",-21.816938,64.124148,247
"4535028",-21.827173,64.124045,183
"4535029",-21.841869,64.124532,419
"4535030",-21.853478,64.124945,969
"4535031",-21.862321,64.127405,112
"4535032",-21.872397,64.12912,331
"4535033",-21.882445,64.131832,390
"4535034",-21.883752,64.131486,445
"4535035",-21.887344,64.132446,512
"4535036",-21.898919,64.13274,515
"4535037",-21.90583,64.133953,408
"4535038",-21.913902,64.134323,5782
"4535039",-21.91709,64.134716,439
"4535040",-21.92304,64.135381,579
"4535041",-21.935636,64.136949,755
"4535042",-21.943786,64.140636,244
"4535043",-21.948325,64.142877,110
"4535044",-21.95145,64.144476,144
"4535045",-21.953466,64.145472,167
"4535046",-21.95625,64.146953,269
"4535047",-21.95902,64.149291,126
"4535048",-21.958209,64.148546,253
"4535049",-21.960769,64.149316,5140
"4535050",-21.948354,64.153595,258
"4535051",-21.944357,64.15542,355
"4535053",-21.938484,64.137718,704
"4535054",-21.944021,64.140619,53
"4535055",-21.929286,64.131982,105
"4535056",-21.927529,64.131449,232
"4535057",-21.928445,64.126936,551
"4535058",-21.897361,64.12989,10000
"4535059",-21.896247,64.129172,331
"4535060",-21.899377,64.128796,452
"4535061",-21.894593,64.129255,209
"4535062",-21.893179,64.130166,12
"4535063",-21.894243,64.130384,26
"4554856",-21.849013,64.1015,340
"4554913",-21.850199,64.105658,493
"4557978",-21.831274,64.104991,5701
"4562783",-21.862669,64.126871,2906
"4564748",-22.5966,64.032937,10000
"4564753",-22.609124,64.048751,568
"4564778",-22.64289,64.06589,702
"4566413",-21.939465,64.073596,10000
"4566422",-21.951621,64.065902,2483
"4566434",-21.940887,64.079564,16
"4581509",-21.918864,64.137733,1086
"4581517",-21.891157,64.131853,681
"4584530",-21.851058,64.100059,241
"4584563",-21.847769,64.098812,49
"4591217",-21.759846,64.133036,2885
"4591718",-21.867698,64.129899,121
"4609181",-21.696546,64.150268,16
"4609182",-21.702551,64.147809,462
"4609183",-21.706742,64.147651,186
"4609185",-21.698012,64.146609,901
"4609186",-21.707522,64.147187,31
"4609187",-21.708222,64.147201,10
"4609188",-21.694192,64.146874,781
"4609189",-21.710276,64.147037,7
"4609190",-21.710336,64.147035,10000
"4609191",-21.710326,64.147067,1
"4609192",-21.707767,64.147107,125
"4609193",-21.570018,64.141959,67621
"4609194",-21.710293,64.147003,10000
"4609195",-21.709746,64.147126,31
"4609196",-21.710207,64.14711,10000
"4609197",-21.704328,64.147131,10000
"4609198",-21.703513,64.146799,10000
"4609199",-21.702177,64.146704,56
"4609200",-21.700927,64.146563,8
"4609201",-21.675803,64.143906,1133
"4609202",-21.696447,64.146533,23
"4609203",-21.679748,64.145855,9
"4610896",-21.882223,64.100464,832
"4614913",-21.753121,64.129552,10000
"4614920",-21.756649,64.131747,585
"4615010",-21.806147,64.144472,10000
"4615014",-21.82257,64.135726,1556
"4615095",-21.810922,64.139439,706
"4615636",-21.791528,64.130096,2228
"4615653",-21.811893,64.139674,10000
"4615657",-21.812063,64.139522,10000
"4621494",-21.870042,64.129765,24
"4622697",-22.043212,64.03384,10000
"4622700",-22.076844,64.032251,4458
"4622711",-22.026789,64.04157,1094
"4627739",-21.936795,64.148596,152
"4628122",-21.880829,64.151539,10000
"4628124",-21.87767,64.151101,10000
"4628137",-21.857921,64.139988,1474
"4628148",-21.84755,64.12026,1547
"4628168",-21.827012,64.11136,6941
"4628218",-21.727998,64.087992,1628
"4631930",-21.956397,64.138743,71
"4632111",-21.956501,64.138804,10000
"4632119",-21.956501,64.138804,10000
"4633714",-21.940634,64.144213,808
"4652796",-21.753213,64.129275,610
"4653290",-21.760061,64.129322,689
"4661576",-20.817156,64.035632,115
"4661579",-20.818524,64.036014,10000
"4661581",-20.818548,64.036168,1
"4661593",-20.81854,64.036164,10000
"4679325",-21.946548,64.138078,10000
"4684697",-21.906898,64.074216,18
"4684711",-21.905532,64.074241,6
"4684713",-21.902399,64.076909,1598
"4689505",-21.002917,64.107424,37078
"4689527",-21.769821,64.119005,939
"4692692",-23.830936,64.92037,1504
"4692727",-23.847605,64.918214,633
"4692728",-23.86156,64.91676,10000
"4692729",-23.867265,64.916513,256
"4692730",-23.86778,64.91651,10000
"4692731",-23.86746,64.91654,10000
"4692732",-23.866607,64.916593,25
"4692733",-23.861911,64.916734,185
"4692734",-23.821217,64.9166,1975
"4692736",-23.845235,64.918575,69
"4692832",-23.782282,64.907931,2403
"4693304",-21.667567,64.15968,41
"4698624",-21.913893,64.140982,29
"4708348",-21.760998,64.116123,48
"4708355",-21.762298,64.115617,10000
"4708359",-21.790962,64.10303,5016
"4715784",-21.942303,64.137902,529
"4719459",-21.955394,64.138635,10000
"4719954",-21.946682,64.137682,10000
"4720641",-21.944283,64.136856,10000
"4720649",-21.945947,64.137412,10000
"4722254",-21.814249,64.121052,1548
"4731900",-21.799041,64.122449,2777
"4742239",-21.811949,64.101014,5849
"4746268",-21.830271,64.100752,624
"4746384",-21.843612,64.11465,832
"4746402",-21.850925,64.126967,1905
"4746412",-21.713864,64.160922,2821
"4746467",-21.695469,64.165023,174
"4746471",-21.706869,64.16545,567
"4746519",-21.756317,64.141035,804
"4746578",-21.886332,64.104154,956
"4746580",-21.881107,64.103793,218
"4746991",-21.736381,64.150333,3507
"4751057",-21.924223,64.02477,122
"4751409",-21.941064,64.066343,2051
"4752387",-21.937733,64.074255,29
"4752389",-21.940118,64.063665,482
"4752394",-21.970333,64.055152,10000
"4752395",-21.980773,64.055457,509
"4752399",-22.001313,64.051963,1748
"4752409",-22.127354,64.023197,801
"4752441",-22.369134,63.97076,10000
"4752445",-22.370115,63.971506,1674
"4752447",-22.450061,63.96264,2536
"4752454",-22.494251,63.967223,10000
"4752666",-22.575448,63.998476,382
"4752729",-22.534645,63.972911,1450
"4752741",-22.477275,63.965041,10000
"4756932",-21.801049,64.117403,4
"4756966",-21.842448,64.112729,151
"4757061",-21.864417,64.104207,678
"4757310",-22.306416,64.010295,3640
"4757311",-22.412722,63.985408,8701
"4757312",-22.254566,64.01797,98
"4757313",-22.302914,63.999171,16453
"4757314",-22.309535,64.010317,2651
"4757315",-22.294812,64.013848,12591
"4757327",-22.283412,64.01441,154
"4757328",-22.351158,63.987237,4608
"4757329",-22.334251,63.995547,5020
"4757330",-22.368884,63.974113,5943
"4757341",-22.338696,64.006601,546
"4757342",-22.350392,64.007176,399
"4757343",-22.35345,64.00687,10000
"4757344",-22.355105,64.006465,13
"4757345",-22.470958,63.967078,6542
"4757346",-22.376369,63.989256,1279
"4757365",-22.391283,63.984069,680
"4757392",-22.383467,63.970657,2155
"4757393",-22.493184,63.968054,6506
"4757394",-22.36019,63.976645,8
"4757426",-22.379616,63.9677,47
"4757427",-22.38933,63.9659,10000
"4799826",-21.85812,64.110928,10000
"4810554",-21.853341,64.101101,10000
"4835376",-21.886999,64.139893,97
"4835386",-21.866919,64.131218,111
"4841734",-21.925436,64.139246,1
"4842037",-21.895591,64.137237,872
"4873068",-21.935666,64.147606,287
"4873107",-21.913295,64.13532,108
"4873117",-21.907611,64.134616,10000
"4873125",-21.88048,64.130169,10000
"4873129",-21.827631,64.114405,781
"4882343",-21.694807,64.099444,1899
"4890118",-21.697328,64.103496,3878
"4910447",-23.601982,65.685265,75
"4910575",-23.602435,65.685117,102
"4910694",-23.645326,65.66206,3133
"4925840",-21.783843,64.12741,1730
"4929743",-22.599729,64.041585,10000
"4929766",-22.512229,63.968924,10000
"4929784",-22.294022,63.990175,849
"4947262",-21.855115,64.132954,10000
"4953424",-22.713173,64.041257,38
"4969070",-20.818821,64.036288,10000
"4969075",-20.818832,64.036304,10000
"4969081",-20.802112,64.038925,10000
"4970577",-22.649635,64.071178,38
"4972526",-21.701501,64.167121,10000
"4975140",-21.863336,64.150222,8
"4981242",-21.881946,64.132289,409
"4981245",-21.883109,64.1323,22
"4981263",-21.882846,64.132817,10000
"4988436",-21.667184,64.159689,6
"4988582",-21.668371,64.159645,81
"4990279",-21.173674,64.237792,9850
"4990280",-21.086322,64.193077,12897
"4990281",-21.077743,64.256546,3144
"4990283",-21.388343,64.209896,17069
"4990463",-21.276487,64.214107,11047
"4990464",-21.490965,64.194602,4769
"4990473",-21.505359,64.196359,376
"4990474",-21.563375,64.184851,116
"4990475",-21.580295,64.182878,2707
"4990476",-21.619608,64.18061,2205
"4990483",-21.660714,64.179179,421
"4990484",-21.665172,64.178738,120
"4990858",-21.865409,64.130277,10000
"4995460",-21.940205,64.148507,38
"4995465",-21.940359,64.147988,58
"5030854",-21.898162,64.098386,10000
"5030855",-21.898161,64.098386,10000
"5200452",-22.23827,64.000811,10000
"5200459",-22.578686,63.990596,10000
"5210294",-21.948632,64.153339,10000
"5210301",-21.948679,64.153516,8
"5230887",-21.889799,64.104238,295
"5231090",-21.891075,64.104082,281
"5231096",-21.890448,64.104132,421
"5231103",-21.88889,64.103989,963
"5231104",-21.877583,64.104566,335
"5231106",-21.8578,64.107559,476
"5231107",-21.845956,64.108725,207
"5231110",-21.847951,64.1119,233
"5231112",-21.842379,64.114152,86
"5231121",-21.829545,64.113134,382
"5231125",-21.816382,64.117439,364
"5231126",-21.811218,64.122886,270
"5231128",-21.811441,64.123703,10000
"5231131",-21.799448,64.125191,1185
"5231148",-21.740931,64.150977,366
"5231149",-21.726671,64.158003,714
"5231159",-21.710312,64.16445,342
"5231160",-21.704861,64.164653,32
"5231161",-21.701819,64.164529,10000
"5231164",-21.688939,64.16712,156
"5231165",-21.67747,64.173335,699
"5231166",-21.684067,64.167982,74
"5231170",-21.670923,64.178412,84
"5231171",-21.659828,64.179211,314
"5231173",-21.638594,64.180842,653
"5231227",-21.671855,64.177209,655
"5231235",-21.681118,64.170296,776
"5231238",-21.684121,64.168097,61
"5231240",-21.695974,64.165529,517
"5231251",-21.717562,64.162798,10000
"5231252",-21.729321,64.157041,1770
"5231280",-21.767431,64.130969,328
"5231281",-21.778758,64.126675,227
"5231284",-21.79208,64.12463,367
"5231286",-21.803314,64.124359,125
"5231288",-21.800407,64.124395,10000
"5231289",-21.811357,64.124337,4
"5231300",-21.813012,64.119776,44
"5231314",-21.85248,64.110777,40
"5231344",-21.877431,64.104845,27
"5231451",-21.891158,64.103929,66
"5231461",-21.878273,64.10452,73
"5231464",-21.872986,64.101668,250
"5231471",-21.877179,64.103129,655
"5231473",-21.869747,64.102875,10000
"5231664",-21.869649,64.102831,10000
"5231668",-20.483445,64.10398,67321
"5231672",-21.871903,64.10206,10000
"5232252",-21.891217,64.104139,10
"5232255",-21.889078,64.103798,231
"5232262",-21.871048,64.105916,252
"5232278",-21.852999,64.10722,10000
"5232284",-21.849714,64.133142,73
"5232315",-21.847324,64.136339,133
"5232399",-21.849423,64.128804,10000
"5232465",-21.891103,64.104142,12
"5237775",-18.082177,65.691491,5
"5237776",-18.098971,65.725893,10000
"5237778",-20.973982,64.70233,2
"5315977",-21.836731,64.098523,30
"5315978",-14.430196,65.218827,89
"5315979",-14.428976,65.218416,266
"5315990",-20.127551,63.510488,5273
"5316019",-20.169674,63.487078,18102
"5316165",-20.228848,63.453565,1142
"5316184",-20.246506,63.447127,83
"5316187",-20.261972,63.44577,732
"5316188",-20.259448,63.44616,589
"5316232",-20.259105,63.44668,769
"5316234",-20.267902,63.44494,33
"5316236",-20.273181,63.444888,88
"5316622",-20.27373,63.44442,10000
"5316623",-20.27373,63.44442,10000
"5316624",-20.27373,63.44442,10000
"5316625",-20.297651,63.442882,1201
"5316626",-20.27373,63.44442,10000
"5316627",-20.27373,63.44442,10000
"5316628",-20.27373,63.44442,10000
"5316629",-20.27373,63.44442,10000
"5316630",-20.27373,63.44442,10000
"5316631",-20.27373,63.44442,10000
"5316632",-20.27373,63.44442,10000
"5316635",-20.27373,63.44442,10000
"5316636",-20.27373,63.44442,10000
"5316637",-20.27373,63.44442,10000
"5316638",-20.27373,63.44442,10000
"5316639",-20.27373,63.44442,10000
"5317017",-14.397168,65.260564,17
"5323190",-13.991801,65.067993,2357
"5323191",-13.700873,65.147881,10000
"5323192",-13.700702,65.147881,10000
"5323880",-14.297132,64.655481,8
"5323965",-21.973632,64.063753,179
"5324018",-21.965025,64.062144,385
"5324019",-21.964735,64.058465,7
"5324020",-21.965686,64.057061,171
"5324021",-21.998402,64.050355,1762
"5324022",-21.964512,64.058945,56
"5324049",-22.07922,64.033685,8287
"5324051",-22.026467,64.044707,4354
"5324060",-14.296946,64.655566,13
"5324146",-22.415938,63.963005,1334
"5368302",-21.7797,64.14448,10000
"5389912",-20.321464,64.140512,41
"5389913",-20.321586,64.14045,38
"5389945",-20.32177,64.140527,39
"5389946",-20.485239,64.160966,16547
"5390902",-20.32098,64.14047,10000
"5410572",-21.879483,64.130022,124
"5410573",-21.875309,64.129326,97
"5410574",-21.842199,64.125452,1542
"5410575",-21.854051,64.125816,711
"5410576",-21.861065,64.126954,136
"5410577",-21.852158,64.125438,53
"5410578",-21.843389,64.124231,99
"5410579",-21.84118,64.12405,22
"5410580",-21.837765,64.123852,123
"5410581",-21.852618,64.125516,94
"5410582",-21.867945,64.128135,10
"5410633",-21.821785,64.12377,8
"5410646",-21.82161,64.12376,10000
"5429264",-18.142636,65.695027,7
"5443749",-21.691498,64.130235,98125
"5443750",-20.104819,64.145791,10000
"5443755",-21.290674,64.141167,57138
"5443756",-21.439171,64.138189,63596
"5443759",-20.411582,64.102491,73012
"5443760",-21.009571,64.103356,44686
"5443762",-21.312296,64.092329,59713
"5443765",-20.266308,64.083822,80091
"5443766",-20.6559,64.090977,61136
"5443768",-21.000331,64.135077,40911
"5443774",-20.123696,64.129506,10000
"5443775",-20.998631,64.142847,42762
"5443776",-21.648859,64.092489,75543
"5443779",-21.065446,64.135246,45663
"5443786",-20.127214,64.101214,4
"5443788",-20.104541,64.083927,10000
"5443791",-21.89832,64.118738,10000
"5443792",-20.461451,64.093346,70198
"5443795",-21.900312,64.1264,356
"5443796",-20.99938,64.101381,44116
"5443815",-21.898378,64.131783,143
"5443816",-21.907568,64.108522,10000
"5443818",-20.090187,64.102416,10000
"5443819",-21.010338,64.10251,43934
"5443822",-20.09022,64.117475,10000
"5443828",-20.663311,64.127454,58802
"5443829",-20.156778,64.113739,606
"5443831",-20.115519,64.136258,10000
"5443832",-20.13946,64.136283,3325
"5443833",-20.115621,64.13381,272
"5443834",-20.161149,64.13909,2236
"5443836",-20.065232,64.145683,66
"5443837",-20.067545,64.146506,157
"5443838",-20.061068,64.147619,103
"5443839",-20.452533,64.096099,70983
"5443840",-20.06341,64.146146,96
"5443841",-20.039908,64.152324,10000
"5443842",-20.050166,64.150534,536
"5443843",-20.075494,64.135377,10000
"5443844",-20.060425,64.148745,10000
"5443845",-20.087243,64.144129,10000
"5443846",-20.070048,64.147401,10000
"5443847",-20.058947,64.146053,10000
"5443848",-20.997021,64.143226,42878
"5443852",-20.143713,64.104758,334
"5443854",-20.101762,64.141311,10000
"5443855",-20.107353,64.136142,10000
"5443859",-21.903977,64.105843,10000
"5443868",-20.079597,64.106673,10000
"5443869",-21.001139,64.119616,41328
"5443870",-20.149915,64.106058,10000
"5443872",-21.914052,64.087763,10000
"5443881",-20.159049,64.10844,10000
"5443981",-20.159845,64.109911,631
"5443983",-20.164867,64.104674,10000
"5443986",-21.175945,64.130848,50659
"5443995",-21.847813,64.118556,1232
"5444083",-20.239612,64.100059,10000
"5444084",-20.309998,64.087136,10000
"5444085",-21.545258,64.128673,64860
"5444091",-21.157832,63.869577,10000
"5444590",-21.798409,64.135342,23
"5444591",-21.801507,64.124003,10000
"5444592",-21.316136,64.128379,51977
"5444593",-21.797348,64.134966,145
"5444594",-21.752402,64.130017,10000
"5444595",-21.773097,64.139813,42
"5444610",-20.061233,64.073856,10000
"5444612",-21.944232,64.083442,10000
"5444643",-20.115408,64.103147,10000
"5569553",-22.437341,63.84736,201
"5602095",-22.63748,63.94126,4450
"5602096",-22.62187,63.944982,3879
"5602097",-22.647333,63.937408,2540
"5602098",-22.658073,63.934953,1283
"5602099",-22.667357,63.935273,832
"5671332",-21.792353,64.115187,28
"5677609",-21.792141,64.115152,29
"5677617",-21.792206,64.115287,8
"5677801",-21.791657,64.115231,99
"5679824",-21.860849,64.141377,10000
"5688524",-21.792202,64.11544,10000
"5688526",-21.407556,63.947117,10000
"5688528",-21.792383,64.115248,47
"5688529",-21.397718,63.938783,10000
"5688533",-21.397718,63.938783,10000
"5688544",-21.374534,63.929294,933
"5689217",-20.753835,64.091693,7041
"5700073",-21.840918,64.119047,2403
"5702965",-21.793568,64.135088,2129
"5704093",-21.954458,64.13947,453
"5704123",-21.935324,64.136561,10000
"5704128",-21.934347,64.136274,10000
"5704326",-21.898595,64.133084,10000
"5704333",-21.893909,64.137917,10000
"5704335",-21.892336,64.145951,10000
"5704339",-21.892404,64.147807,10000
"5704342",-21.878182,64.151192,10000
"5709236",-21.792364,64.115248,35
"5724062",-21.860866,64.141207,16
"5782542",-22.031281,64.043058,97
"5782570",-22.37795,63.980834,2090
"5782640",-22.542279,63.973091,130
"5782641",-22.548972,63.981787,191
"5782642",-22.54498,63.974609,99
"5782643",-22.548216,63.97974,49
"5782657",-22.548833,63.987437,498
"5782659",-22.548667,63.99233,66
"5785720",-22.5487,63.99292,10000
"5785723",-22.5487,63.99292,10000
"5785724",-22.5487,63.99292,10000
"5785725",-22.218608,64.066417,18031
"5785726",-22.5487,63.99292,10000
"5785727",-22.5487,63.99292,10000
"5786861",-22.21988,64.065675,17939
"5786862",-21.90008,64.1377,445
"5786863",-21.89106,64.13843,10000
"5786864",-21.89106,64.13843,10000
"5786865",-21.915411,64.104324,3242
"5786867",-21.89106,64.13843,10000
"5786868",-21.911877,64.135911,1048
"5786869",-21.913065,64.136497,1089
"5786870",-21.89106,64.13843,10000
"5786874",-21.996709,64.051101,954
"5790784",-21.913025,64.073303,10000
"5792692",-21.898447,64.120011,10000
"5792693",-21.898892,64.122638,10000
"5792694",-21.899187,64.124746,192
"5798395",-21.878473,64.103536,267
"5801014",-21.884186,64.139313,1316
"5801053",-21.883241,64.13943,130
"5813139",-21.900089,64.133272,262
"5827169",-21.952116,64.113198,3352
"5863525",-21.900284,64.129495,190
"5863526",-21.899801,64.125357,284
"5863527",-21.907421,64.109415,287
"5863528",-21.90595,64.10762,21
"5863529",-21.904662,64.105123,264
"5863530",-21.899677,64.13133,16
"5863531",-21.89993,64.13083,10000
"5863532",-21.911112,64.101111,219
"5863561",-21.919813,64.097512,433
"5863562",-21.925615,64.092815,186
"5863563",-21.92817,64.091025,51
"5863564",-21.934517,64.088244,386
"5863565",-21.941572,64.081046,472
"5863566",-21.943281,64.083756,117
"5863567",-21.940057,64.083729,670
"5863569",-21.94069,64.076279,114
"5863588",-21.939885,64.073994,157
"5863589",-21.939129,64.071657,131
"5863590",-21.94097,64.061921,654
"5863591",-21.961725,64.056486,625
"5863592",-21.954059,64.057696,94
"5863593",-21.977503,64.054054,222
"5863594",-21.938575,64.069903,67
"5863595",-21.937971,64.067645,186
"5863596",-22.003946,64.050039,146
"5873134",-20.924034,64.199526,20863
"5873150",-20.812634,64.201999,258
"5873151",-20.791643,64.204354,2928
"5873152",-20.782166,64.206305,875
"5873175",-20.749446,64.211381,997
"5873176",-20.761203,64.209346,250
"5873177",-20.734926,64.214293,209
"5905848",-22.549475,63.998828,10000
"5905855",-22.549581,63.998853,10000
"5905856",-22.549696,63.998827,10000
"5905859",-22.549808,63.998837,10000
"5971642",-17.96163,63.774224,36
"5989486",-21.950426,64.145501,4
"6022639",-21.681411,64.171709,1080
"6022640",-21.693227,64.16543,30
"6022641",-21.66564,64.178685,10
"6022642",-21.683228,64.16803,44
"6022721",-21.31821,64.21061,12
"6022778",-21.04939,64.232105,40
"6022786",-21.028815,64.192252,314
"6022787",-21.037179,64.167397,2487
"6062104",-21.8763,64.13605,10000
"6154180",-21.918957,64.136591,526
"6154247",-21.922175,64.139835,9
"6175091",-21.934142,64.146788,2497
"6175463",-21.961981,64.151048,136
"6175474",-21.958348,64.146502,872
"6182867",-21.974798,64.145353,10000
"6189494",-21.991307,64.055746,5
"6190873",-18.107803,65.679367,10000
"6255550",-21.792592,64.11526,8
"6298492",-21.759249,64.595309,34
"6310677",-21.920698,64.138158,12
"6329826",-22.43652,63.842409,4
"6330961",-20.278637,63.434502,10000
"6336486",-20.274603,63.444643,10000
"6336488",-20.274603,63.444643,10000
"6357688",-21.912124,64.132289,339
"6368056",-21.843202,64.117445,10000
"6374857",-21.897458,64.139187,477
"6522852",-21.90894,64.13718,10000
"6522859",-21.926951,64.13602,511
"6522860",-21.948143,64.143163,1101
"6534852",-18.08285,65.685642,14
"6535753",-18.026071,65.654797,35
"6948855",-21.872755,64.104857,10000
"6948856",-21.873614,64.105398,10000
"6953573",-21.91634,64.136412,1241
"6953589",-21.905411,64.134149,315
"6953590",-21.894289,64.136195,423
"6986743",-21.887306,64.13867,145
"7002701",-21.897939,64.136421,432
"7017194",-21.906795,64.146439,17
"7019461",-21.944464,64.082828,100
"7028357",-21.940477,64.138806,10000
"7028358",-21.940479,64.138811,10000
"7057236",-21.894863,64.137956,360
"7074946",-21.813697,64.136435,2
"7093309",-22.624046,63.993886,183
"7094426",-21.920886,64.53641,15
"7389269",-21.906269,64.134824,723
"7390556",-21.904879,64.134563,21
"7390557",-21.905281,64.134486,10000
"7390558",-21.905281,64.134486,10000
"7391523",-21.917738,64.135817,139
"7405891",-21.904904,64.138208,151
"7430654",-21.887455,64.139457,199
"7430655",-21.889324,64.137043,334
"7430656",-21.896593,64.131942,72
"7460085",-22.018136,64.1106,217
"7464597",-22.021264,64.111613,10000
"7464598",-22.021264,64.111613,10000
"7470049",-21.962587,64.08991,2981
"7470050",-21.943765,64.0839,10000
"7471968",-22.020713,64.112022,10000
"7482525",-22.021015,64.110794,10000
"7484592",-21.977278,64.092098,2273
"7484593",-21.95288,64.084817,10000
"7499789",-22.009654,64.106685,10000
"7547505",-21.874221,64.131561,10000
"7551070",-21.939894,64.147068,10000
"7551071",-21.939884,64.147048,10000
"7568034",-21.870691,64.130499,10000
"7568035",-21.870708,64.130856,10000
"7574856",-22.523994,63.970118,410
"7574857",-22.511944,63.968841,297
"7574858",-22.504118,63.968069,95
"7574859",-22.497422,63.967408,241
"7574860",-22.472303,63.96448,1343
"7574861",-22.438314,63.962011,1550
"7574862",-22.401294,63.964098,812
"7574863",-22.345679,63.977185,2393
"7574864",-22.246095,63.999823,4420
"7574865",-22.166019,64.015652,3277
"7574866",-21.971839,64.071162,9117
"7574867",-22.532184,63.970945,10000
"7574869",-21.901963,64.135172,161
"7682849",-21.916904,64.14365,30
"7683300",-21.923013,64.144489,60
"7683301",-21.917341,64.143952,251
"7683302",-21.922584,64.14759,10000
"7683303",-21.926983,64.142687,10000
"7683304",-21.929428,64.149669,87
"7758255",-21.67435,65.7283,3040
"7758256",-21.684351,65.701836,68
"7758325",-21.587775,65.730907,8163
"7758345",-21.666997,65.740727,11822
"7759673",-23.240871,66.147741,10000
"7759674",-23.243969,66.149525,201
"7760857",-23.493498,65.88075,10000
"7760858",-23.510488,66.047638,10000
"7760859",-23.493498,65.88075,10000
"7853765",-20.857886,63.943429,452
"7853766",-20.86099,63.943424,10000
"7854057",-19.104018,63.403586,10000
"7854091",-18.111342,65.691968,10000
"7866207",-14.846068,65.745207,2720
"7867478",-15.208739,65.626017,21795
"7867479",-15.363794,65.564862,10000
"7867823",-16.509012,64.934072,10000
"7867824",-16.503093,64.992622,6516
"7867825",-16.541803,64.963248,3593
"7869033",-16.493341,65.050874,170
"7869035",-16.728418,65.052987,749
"7869036",-16.72935,65.046256,10000
"7869550",-16.069794,65.362598,282
"7876876",-15.012236,65.690118,7339
"7876877",-14.587985,65.422375,10000
"7876878",-14.58503,65.419032,351
"7877597",-15.205362,64.906362,7312
"7877598",-15.05863,64.927508,10000
"7878203",-15.352121,64.885211,10000
"7896158",-22.462589,63.96316,523
"7896159",-22.623015,63.996955,10000
"7896160",-22.536705,63.974785,4877
"7896161",-21.980482,64.063784,8145
"7896162",-22.464162,63.963381,605
"7896163",-21.898583,64.12142,49
"7896164",-22.127145,64.023227,2290
"7896165",-21.898813,64.123097,138
"7947236",-21.910004,64.135944,680
"7947238",-21.919391,64.135873,10000
"7955154",-20.322591,64.132181,136
"7955234",-20.778587,64.001845,50
"7955397",-20.993404,63.967945,401
"7955483",-21.185386,64.017131,10000
"7956339",-21.189248,63.994124,230
"7957130",-20.599269,63.909475,358
"7957131",-20.605987,63.911645,10000
"7957386",-19.568597,63.682178,4432
"7957811",-20.059801,63.644955,416
"7958087",-20.533919,63.888681,467
"7958089",-20.528327,63.887362,397
"7958232",-21.780777,64.115093,317
"7958234",-21.780665,64.111828,10000
"7959258",-21.294151,64.384989,10000
"7968316",-22.620705,63.999667,988
"8015602",-21.150536,63.864141,4
"8038126",-22.567948,64.001296,17
"8038135",-22.566553,64.002668,174
"8038938",-21.963802,64.150855,666
"8038939",-22.001865,64.155,118
"8038940",-22.002023,64.150949,41
"8038942",-21.9966,64.149937,230
"8038943",-22.003428,64.151676,10000
"8038944",-21.951802,64.144705,10000
"8038945",-21.961947,64.150479,220
"8038946",-21.946659,64.14206,10000
"8038947",-22.004723,64.153598,138
"8038948",-21.948408,64.143017,104
"8038949",-21.950652,64.144116,39
"8038950",-21.95599,64.146962,229
"8038951",-21.959032,64.149388,30
"8038952",-21.978563,64.150252,255
"8038953",-21.975951,64.150419,527
"8038954",-21.990213,64.150218,62
"8038955",-21.985896,64.15079,10000
"8038956",-21.988073,64.150513,43
"8040413",-22.602772,64.002736,10000
"8040414",-22.554131,63.975584,608
"8040415",-22.277755,63.993495,2761
"8040416",-22.531874,63.970993,732
"8040417",-22.315854,63.985069,73
"8040418",-21.905559,64.134813,10000
"8040420",-22.546643,63.97214,10000
"8040422",-22.343559,63.977806,4322
"8041013",-21.913518,64.135435,10000
"8041014",-21.916581,64.134121,352
"8041015",-21.918254,64.135671,246
"8041016",-21.91898,64.13611,21
"8041017",-21.912354,64.134988,585
"8045130",-21.929292,64.14572,25
"8045132",-21.93258,64.14757,10000
"8045133",-21.91592,64.14323,10000
"8045134",-21.935357,64.14759,19
"8045157",-21.923482,64.144602,34
"8045158",-21.934047,64.146721,51
"8045162",-21.941125,64.149025,25
"8045164",-21.93196,64.146227,18
"8045171",-21.935307,64.146987,17
"8045172",-21.91969,64.14387,53
"8045173",-21.93692,64.146903,31
"8045177",-21.926703,64.145204,101
"8045195",-21.922151,64.14435,120
"8045196",-21.937538,64.146482,139
"8045198",-21.930657,64.145977,52
"8045200",-21.917119,64.143411,79
"8045211",-21.934827,64.147198,186
"8045217",-21.932955,64.14653,8
"8045221",-21.936408,64.148022,60
"8045230",-21.937538,64.146408,46
"8045232",-21.9416,64.14902,10000
"8045233",-21.93578,64.147665,18
"8045237",-21.94197,64.147875,9
"8045238",-21.941717,64.14846,38
"8131716",-15.60305,64.255159,5832
"8176126",-21.870909,64.130461,92
"8176127",-21.891603,64.132426,705
"8176128",-21.873946,64.130332,204
"8176129",-21.882899,64.131142,449
"8176130",-21.919582,64.136127,10000
"8217711",-22.624755,63.996582,10000
"8217712",-21.907982,64.103097,783
"8217713",-22.099156,64.029976,3498
"8217714",-22.433236,63.96339,2522
"8217715",-22.574731,63.987878,2119
"8217716",-22.165241,64.015781,3221
"8222445",-21.998139,64.152079,23
"8288424",-22.568358,63.983558,495
"8288425",-22.604895,64.001858,659
"8288426",-22.469365,63.964158,1545
"8288427",-22.582279,63.99281,884
"8288428",-22.531299,63.971584,1741
"8288429",-22.017237,64.047073,610
"8288430",-21.934974,64.088132,10000
"8288431",-22.107315,64.026864,10000
"8288432",-21.932478,64.08926,87
"8288433",-21.944378,64.059416,304
"8288434",-22.103294,64.027311,10000
"8288435",-22.069363,64.034964,1924
"8288436",-22.064408,64.036805,745
"8288437",-22.050652,64.038822,1705
"8288438",-21.988202,64.052419,864
"8288439",-22.086874,64.032261,10000
"8288440",-22.105709,64.027043,10000
"8288441",-21.937757,64.066741,333
"8288442",-21.919097,64.097694,342
"8288443",-21.939692,64.0855,302
"8288444",-21.965337,64.055868,163
"8288445",-21.929223,64.090464,51
"8288446",-21.93915,64.072298,192
"8288447",-21.969991,64.055163,10000
"8288448",-21.940076,64.073102,1101
"8288449",-21.899451,64.117891,752
"8288450",-21.953003,64.057946,127
"8288451",-21.94062,64.075432,1543
"8288452",-21.92506,64.092998,225
"8288453",-21.909999,64.128525,824
"8288454",-21.913988,64.100163,10000
"8288455",-21.958635,64.056923,135
